{"eval_exact_match": 49.438202247191015, "eval_f1": 55.23814646030425}