{"eval_exact_match": 62.283156127588136, "eval_f1": 69.3362639962305}