{"eval_exact_match": 37.668539325842694, "eval_f1": 45.900904690868394}