{"eval_exact_match": 57.8623391158366, "eval_f1": 65.21698069447797}