{"eval_exact_match": 49.07303370786517, "eval_f1": 54.83645086353938}