{"eval_exact_match": 53.146067415730336, "eval_f1": 59.956862352776376}