{"eval_exact_match": 48.37078651685393, "eval_f1": 55.378690747673105}