{"eval_exact_match": 48.85282596530498, "eval_f1": 61.919267046734795}