{"eval_exact_match": 78.17407757805108, "eval_f1": 85.94194111719264}