{"eval_exact_match": 45.758426966292134, "eval_f1": 51.96875505528757}