{"eval_exact_match": 56.68718522663682, "eval_f1": 63.296735669179576}