{"eval_exact_match": 59.709009513150534, "eval_f1": 65.75878006917266}