{"eval_exact_match": 58.25405707890319, "eval_f1": 65.48318698219393}